DutyID;Paid time or cost of duty;Trips;Car travels
1;362;"1, 4, 5, ";"1, 2, 3, "
2;362;"1, 18, 19, ";"1, 5, 6, "
3;382;"1, 4, 19, ";"1, 2, 6, "
4;390;"1, 4, 35, ";"1, 2, 12, "
5;370;"1, 18, 35, ";"1, 5, 12, "
6;292;"1, 4, ";"1, 2, 18, "
7;309;"1, 5, ";"1, 20, 3, "
8;292;"1, 18, ";"1, 5, 24, "
9;329;"1, 19, ";"1, 26, 6, "
10;292;"1, 34, ";"1, 29, 30, "
11;337;"1, 35, ";"1, 32, 12, "
12;247;"1, 2, 33, ";"34, "
13;319;"1, 2, 33, 34, ";"30, "
14;486;"1, 2, 3, 6, 7, ";"36, 37, 38, "
15;489;"1, 2, 3, 20, 21, ";"36, 40, 41, "
16;479;"1, 2, 3, 36, 37, ";"36, 43, 44, "
17;506;"1, 2, 3, 6, 21, ";"36, 37, 41, "
18;494;"1, 2, 3, 6, 37, ";"36, 37, 44, "
19;491;"1, 2, 3, 36, 21, ";"36, 43, 41, "
20;411;"1, 2, 3, 6, ";"36, 37, 56, "
21;469;"1, 2, 3, 7, ";"36, 58, 38, "
22;414;"1, 2, 3, 20, ";"36, 40, 62, "
23;489;"1, 2, 3, 21, ";"36, 64, 41, "
24;406;"1, 2, 3, 36, ";"36, 43, 68, "
25;477;"1, 2, 3, 37, ";"36, 70, 44, "
26;262;"2, 33, ";"72, 34, "
27;334;"2, 33, 34, ";"72, 30, "
28;501;"2, 3, 6, 7, ";"72, 36, 37, 38, "
29;504;"2, 3, 20, 21, ";"72, 36, 40, 41, "
30;494;"2, 3, 36, 37, ";"72, 36, 43, 44, "
31;521;"2, 3, 6, 21, ";"72, 36, 37, 41, "
32;509;"2, 3, 6, 37, ";"72, 36, 37, 44, "
33;506;"2, 3, 36, 21, ";"72, 36, 43, 41, "
34;426;"2, 3, 6, ";"72, 36, 37, 56, "
35;484;"2, 3, 7, ";"72, 36, 58, 38, "
36;429;"2, 3, 20, ";"72, 36, 40, 62, "
37;504;"2, 3, 21, ";"72, 36, 64, 41, "
38;421;"2, 3, 36, ";"72, 36, 43, 68, "
39;492;"2, 3, 37, ";"72, 36, 70, 44, "
40;496;"4, 5, 8, 9, ";"2, 3, 126, 127, "
41;499;"4, 5, 22, 23, ";"2, 3, 130, 131, "
42;494;"4, 5, 38, 39, ";"2, 3, 134, 135, "
43;516;"4, 5, 8, 23, ";"2, 3, 126, 131, "
44;501;"4, 5, 38, 9, ";"2, 3, 134, 127, "
45;521;"4, 5, 38, 23, ";"2, 3, 134, 131, "
46;421;"4, 5, 8, ";"2, 3, 126, 151, "
47;479;"4, 5, 9, ";"2, 3, 154, 127, "
48;429;"4, 5, 22, ";"2, 3, 130, 159, "
49;499;"4, 5, 23, ";"2, 3, 162, 131, "
50;416;"4, 5, 38, ";"2, 3, 134, 167, "
51;472;"4, 5, 39, ";"2, 3, 170, 135, "
52;504;"6, 7, 10, 11, ";"37, 38, 174, 175, "
53;489;"6, 7, 10, 11, 12, ";"37, 38, 174, "
54;512;"6, 7, 24, 25, ";"37, 38, 181, 182, "
55;501;"6, 7, 40, 41, ";"37, 38, 185, 186, "
56;524;"6, 7, 10, 25, ";"37, 38, 174, 182, "
57;529;"6, 7, 40, 11, ";"37, 38, 185, 175, "
58;514;"6, 7, 40, 11, 12, ";"37, 38, 185, "
59;426;"6, 7, 10, ";"37, 38, 174, 201, "
60;492;"6, 7, 11, ";"37, 38, 204, 175, "
61;434;"6, 7, 24, ";"37, 38, 181, 209, "
63;512;"6, 7, 25, ";"37, 38, 212, 182, "
64;426;"6, 7, 40, ";"37, 38, 185, 217, "
65;464;"6, 7, 41, ";"37, 38, 220, 186, "
66;374;"8, 9, 12, ";"126, 127, 224, "
67;389;"8, 9, 26, ";"126, 127, 227, 228, "
68;489;"8, 9, 26, 27, ";"126, 127, 227, 232, "
69;474;"8, 9, 26, 27, 28, ";"126, 127, 227, "
70;501;"8, 9, 42, 43, ";"126, 127, 238, 239, "
71;486;"8, 9, 42, 43, 44, ";"126, 127, 238, "
72;509;"8, 9, 12, 27, ";"126, 127, 224, 246, 232, "
73;494;"8, 9, 12, 27, 28, ";"126, 127, 224, 246, "
74;524;"8, 9, 42, 27, ";"126, 127, 238, 232, "
75;509;"8, 9, 42, 27, 28, ";"126, 127, 238, "
76;487;"8, 9, 27, ";"126, 127, 261, 232, "
77;426;"8, 9, 42, ";"126, 127, 238, 266, "
78;464;"8, 9, 43, ";"126, 127, 269, 239, "
79;299;"10, 43, ";"174, 239, "
80;284;"10, 43, 44, ";"174, "
81;377;"10, 11, 28, ";"174, 175, 276, "
82;377;"10, 11, 44, ";"174, 175, 279, "
83;362;"10, 11, 12, 28, ";"174, 276, "
84;362;"10, 11, 12, 44, ";"174, 279, "
85;270;"11, 12, 28, ";"284, 276, "
86;270;"11, 12, 44, ";"284, 279, "
87;240;"12, 28, ";"224, 276, "
88;240;"12, 44, ";"224, 279, "
89;240;"13, 1, ";"292, 1, "
90;267;"13, 1, 2, ";"292, 295, "
91;352;"13, 1, 2, 3, ";"292, 36, "
92;367;"13, 2, 3, ";"292, 72, 36, "
93;367;"13, 16, 17, ";"292, 302, 303, "
94;380;"13, 32, 33, ";"292, 305, 34, "
95;372;"13, 1, 16, 17, ";"292, 303, "
96;405;"13, 1, 32, 33, ";"292, 34, "
97;372;"13, 1, 2, 17, ";"292, 303, "
98;387;"13, 2, 17, ";"292, 72, 303, "
99;292;"13, 2, ";"292, 72, 318, "
100;290;"13, 3, ";"292, 320, 36, "
101;292;"13, 16, ";"292, 302, 324, "
102;304;"13, 17, ";"292, 326, 303, "
103;292;"13, 32, ";"292, 305, 330, "
104;337;"13, 33, ";"292, 332, 34, "
105;297;"13, 1, 16, ";"292, 324, "
106;317;"13, 1, 32, ";"292, 330, "
107;314;"13, 14, 3, ";"338, 320, 36, "
108;314;"13, 14, 17, ";"338, 326, 303, "
109;337;"13, 14, 33, ";"338, 332, 34, "
110;284;"13, 14, 3, ";"36, "
111;444;"13, 14, 3, 4, 5, ";"3, "
112;476;"13, 14, 15, 4, 5, ";"349, 2, 3, "
113;476;"13, 14, 15, 18, 19, ";"349, 5, 6, "
114;496;"13, 14, 15, 4, 19, ";"349, 2, 6, "
115;504;"13, 14, 15, 4, 35, ";"349, 2, 12, "
116;484;"13, 14, 15, 18, 35, ";"349, 5, 12, "
117;406;"13, 14, 15, 4, ";"349, 2, 18, "
118;444;"13, 14, 15, 5, ";"349, 20, 3, "
119;406;"13, 14, 15, 18, ";"349, 5, 24, "
120;464;"13, 14, 15, 19, ";"349, 26, 6, "
121;409;"13, 14, 15, 34, ";"349, 29, 30, "
122;472;"13, 14, 15, 35, ";"349, 32, 12, "
123;299;"14, 3, ";"382, 36, "
124;491;"14, 15, 4, 5, ";"382, 349, 2, 3, "
125;491;"14, 15, 18, 19, ";"382, 349, 5, 6, "
126;511;"14, 15, 4, 19, ";"382, 349, 2, 6, "
127;519;"14, 15, 4, 35, ";"382, 349, 2, 12, "
128;499;"14, 15, 18, 35, ";"382, 349, 5, 12, "
129;421;"14, 15, 4, ";"382, 349, 2, 18, "
130;459;"14, 15, 5, ";"382, 349, 20, 3, "
131;421;"14, 15, 18, ";"382, 349, 5, 24, "
132;479;"14, 15, 19, ";"382, 349, 26, 6, "
133;424;"14, 15, 34, ";"382, 349, 29, 30, "
134;487;"14, 15, 35, ";"382, 349, 32, 12, "
135;501;"16, 17, 6, 7, ";"302, 303, 37, 38, "
136;501;"16, 17, 20, 21, ";"302, 303, 40, 41, "
137;494;"16, 17, 36, 37, ";"302, 303, 43, 44, "
138;521;"16, 17, 6, 21, ";"302, 303, 37, 41, "
139;509;"16, 17, 6, 37, ";"302, 303, 37, 44, "
140;506;"16, 17, 36, 21, ";"302, 303, 43, 41, "
141;426;"16, 17, 6, ";"302, 303, 37, 56, "
142;464;"16, 17, 7, ";"302, 303, 58, 38, "
143;426;"16, 17, 20, ";"302, 303, 40, 62, "
144;484;"16, 17, 21, ";"302, 303, 64, 41, "
145;421;"16, 17, 36, ";"302, 303, 43, 68, "
146;472;"16, 17, 37, ";"302, 303, 70, 44, "
147;299;"18, 7, ";"5, 38, "
148;496;"18, 19, 8, 9, ";"5, 6, 126, 127, "
149;496;"18, 19, 22, 23, ";"5, 6, 130, 131, "
150;494;"18, 19, 38, 39, ";"5, 6, 134, 135, "
151;516;"18, 19, 8, 23, ";"5, 6, 126, 131, "
152;501;"18, 19, 38, 9, ";"5, 6, 134, 127, "
153;521;"18, 19, 38, 23, ";"5, 6, 134, 131, "
154;421;"18, 19, 8, ";"5, 6, 126, 151, "
155;459;"18, 19, 9, ";"5, 6, 154, 127, "
156;426;"18, 19, 22, ";"5, 6, 130, 159, "
157;479;"18, 19, 23, ";"5, 6, 162, 131, "
158;416;"18, 19, 38, ";"5, 6, 134, 167, "
159;452;"18, 19, 39, ";"5, 6, 170, 135, "
160;297;"20, 39, ";"40, 135, "
161;504;"20, 21, 10, 11, ";"40, 41, 174, 175, "
162;489;"20, 21, 10, 11, 12, ";"40, 41, 174, "
163;504;"20, 21, 24, 25, ";"40, 41, 181, 182, "
164;501;"20, 21, 40, 41, ";"40, 41, 185, 186, "
165;524;"20, 21, 10, 25, ";"40, 41, 174, 182, "
166;529;"20, 21, 40, 11, ";"40, 41, 185, 175, "
167;514;"20, 21, 40, 11, 12, ";"40, 41, 185, "
168;426;"20, 21, 10, ";"40, 41, 174, 201, "
169;472;"20, 21, 11, ";"40, 41, 204, 175, "
170;426;"20, 21, 24, ";"40, 41, 181, 209, "
172;492;"20, 21, 25, ";"40, 41, 212, 182, "
173;426;"20, 21, 40, ";"40, 41, 185, 217, "
174;444;"20, 21, 41, ";"40, 41, 220, 186, "
175;297;"22, 11, 12, ";"130, "
176;284;"22, 41, ";"130, 186, "
177;374;"22, 23, 12, ";"130, 131, 224, "
178;389;"22, 23, 26, ";"130, 131, 227, 228, "
179;489;"22, 23, 26, 27, ";"130, 131, 227, 232, "
180;474;"22, 23, 26, 27, 28, ";"130, 131, 227, "
181;501;"22, 23, 42, 43, ";"130, 131, 238, 239, "
182;486;"22, 23, 42, 43, 44, ";"130, 131, 238, "
183;429;"22, 23, 43, 44, ";"130, 131, 604, "
184;429;"22, 23, 44, ";"130, 131, 279, "
185;509;"22, 23, 12, 27, ";"130, 131, 224, 246, 232, "
186;494;"22, 23, 12, 27, 28, ";"130, 131, 224, 246, "
187;524;"22, 23, 42, 27, ";"130, 131, 238, 232, "
188;509;"22, 23, 42, 27, 28, ";"130, 131, 238, "
189;467;"22, 23, 27, ";"130, 131, 261, 232, "
190;426;"22, 23, 42, ";"130, 131, 238, 266, "
191;444;"22, 23, 43, ";"130, 131, 269, 239, "
192;287;"24, 27, 28, ";"181, "
193;279;"24, 43, ";"181, 239, "
194;264;"24, 43, 44, ";"181, "
195;377;"24, 25, 28, ";"181, 182, 276, "
196;414;"29, 4, 5, ";"643, 2, 3, "
197;380;"29, 32, 33, ";"643, 305, 34, "
198;434;"29, 4, 19, ";"643, 2, 6, "
199;442;"29, 4, 35, ";"643, 2, 12, "
200;290;"29, 3, ";"643, 320, 36, "
201;344;"29, 4, ";"643, 2, 18, "
202;414;"29, 5, ";"643, 20, 3, "
203;290;"29, 17, ";"643, 326, 303, "
204;292;"29, 32, ";"643, 305, 330, "
205;307;"29, 33, ";"643, 332, 34, "
206;414;"29, 30, 4, 5, ";"673, 2, 3, "
207;434;"29, 30, 4, 19, ";"673, 2, 6, "
208;442;"29, 30, 4, 35, ";"673, 2, 12, "
209;344;"29, 30, 4, ";"673, 2, 18, "
210;414;"29, 30, 5, ";"673, 20, 3, "
211;319;"29, 30, 17, ";"673, 326, 303, "
212;322;"29, 30, 33, ";"673, 332, 34, "
213;254;"29, 30, 3, ";"36, "
214;274;"29, 30, 17, ";"303, "
215;414;"29, 30, 3, 4, 5, ";"3, "
216;434;"29, 30, 17, 18, 19, ";"6, "
217;442;"29, 30, 17, 18, 35, ";"12, "
218;476;"29, 30, 31, 18, 19, ";"699, 5, 6, "
219;484;"29, 30, 31, 18, 35, ";"699, 5, 12, "
220;414;"29, 30, 31, 5, ";"699, 20, 3, "
221;406;"29, 30, 31, 18, ";"699, 5, 24, "
222;434;"29, 30, 31, 19, ";"699, 26, 6, "
223;406;"29, 30, 31, 34, ";"699, 29, 30, "
224;442;"29, 30, 31, 35, ";"699, 32, 12, "
225;269;"30, 3, ";"720, 36, "
226;289;"30, 17, ";"720, 303, "
227;429;"30, 3, 4, 5, ";"720, 3, "
228;449;"30, 17, 18, 19, ";"720, 6, "
229;491;"30, 31, 18, 19, ";"720, 699, 5, 6, "
230;499;"30, 31, 18, 35, ";"720, 699, 5, 12, "
231;429;"30, 31, 5, ";"720, 699, 20, 3, "
232;421;"30, 31, 18, ";"720, 699, 5, 24, "
233;449;"30, 31, 19, ";"720, 699, 26, 6, "
234;421;"30, 31, 34, ";"720, 699, 29, 30, "
235;457;"30, 31, 35, ";"720, 699, 32, 12, "
236;284;"32, 5, ";"305, 3, "
237;514;"32, 33, 20, 21, ";"305, 34, 40, 41, "
238;507;"32, 33, 36, 37, ";"305, 34, 43, 44, "
239;519;"32, 33, 36, 21, ";"305, 34, 43, 41, "
240;444;"32, 33, 7, ";"305, 34, 58, 38, "
241;439;"32, 33, 20, ";"305, 34, 40, 62, "
242;464;"32, 33, 21, ";"305, 34, 64, 41, "
243;434;"32, 33, 36, ";"305, 34, 43, 68, "
244;452;"32, 33, 37, ";"305, 34, 70, 44, "
245;284;"34, 7, ";"29, 38, "
246;292;"34, 37, ";"29, 44, "
247;497;"36, 37, 10, 11, ";"43, 44, 174, 175, "
248;482;"36, 37, 10, 11, 12, ";"43, 44, 174, "
249;497;"36, 37, 24, 25, ";"43, 44, 181, 182, "
250;494;"36, 37, 40, 41, ";"43, 44, 185, 186, "
251;517;"36, 37, 10, 25, ";"43, 44, 174, 182, "
252;522;"36, 37, 40, 11, ";"43, 44, 185, 175, "
253;507;"36, 37, 40, 11, 12, ";"43, 44, 185, "
254;419;"36, 37, 10, ";"43, 44, 174, 201, "
255;477;"36, 37, 11, ";"43, 44, 204, 175, "
256;419;"36, 37, 24, ";"43, 44, 181, 209, "
258;497;"36, 37, 25, ";"43, 44, 212, 182, "
259;419;"36, 37, 40, ";"43, 44, 185, 217, "
260;449;"36, 37, 41, ";"43, 44, 220, 186, "
261;372;"38, 39, 12, ";"134, 135, 224, "
263;530;"38, 39, 25, 26, 27, 28, ";"134, 135, 849, "
264;392;"38, 39, 26, ";"134, 135, 227, 228, "
265;492;"38, 39, 26, 27, ";"134, 135, 227, 232, "
266;477;"38, 39, 26, 27, 28, ";"134, 135, 227, "
267;499;"38, 39, 42, 43, ";"134, 135, 238, 239, "
268;484;"38, 39, 42, 43, 44, ";"134, 135, 238, "
269;507;"38, 39, 12, 27, ";"134, 135, 224, 246, 232, "
270;492;"38, 39, 12, 27, 28, ";"134, 135, 224, 246, "
271;522;"38, 39, 42, 27, ";"134, 135, 238, 232, "
272;507;"38, 39, 42, 27, 28, ";"134, 135, 238, "
273;455;"38, 39, 25, 26, ";"134, 135, 849, 887, "
274;492;"38, 39, 27, ";"134, 135, 261, 232, "
275;424;"38, 39, 42, ";"134, 135, 238, 266, "
276;469;"38, 39, 43, ";"134, 135, 269, 239, "
277;259;"40, 25, ";"185, 182, "
278;392;"40, 25, 26, 27, ";"185, 232, "
279;377;"40, 25, 26, 27, 28, ";"185, "
280;302;"40, 25, 26, ";"185, 887, "
281;374;"40, 41, 28, ";"185, 186, 276, "
282;374;"40, 41, 44, ";"185, 186, 279, "
283;506;"1, 16, 17, 6, 7, ";"303, 37, 38, "
284;506;"1, 16, 17, 20, 21, ";"303, 40, 41, "
285;499;"1, 16, 17, 36, 37, ";"303, 43, 44, "
286;526;"1, 16, 17, 6, 21, ";"303, 37, 41, "
287;514;"1, 16, 17, 6, 37, ";"303, 37, 44, "
288;511;"1, 16, 17, 36, 21, ";"303, 43, 41, "
289;431;"1, 16, 17, 6, ";"303, 37, 56, "
290;469;"1, 16, 17, 7, ";"303, 58, 38, "
291;431;"1, 16, 17, 20, ";"303, 40, 62, "
292;489;"1, 16, 17, 21, ";"303, 64, 41, "
293;426;"1, 16, 17, 36, ";"303, 43, 68, "
294;477;"1, 16, 17, 37, ";"303, 70, 44, "
295;539;"1, 32, 33, 20, 21, ";"34, 40, 41, "
296;532;"1, 32, 33, 36, 37, ";"34, 43, 44, "
298;469;"1, 32, 33, 7, ";"34, 58, 38, "
299;464;"1, 32, 33, 20, ";"34, 40, 62, "
300;489;"1, 32, 33, 21, ";"34, 64, 41, "
301;459;"1, 32, 33, 36, ";"34, 43, 68, "
302;477;"1, 32, 33, 37, ";"34, 70, 44, "
303;506;"1, 2, 17, 6, 7, ";"303, 37, 38, "
304;506;"1, 2, 17, 20, 21, ";"303, 40, 41, "
305;499;"1, 2, 17, 36, 37, ";"303, 43, 44, "
306;526;"1, 2, 17, 6, 21, ";"303, 37, 41, "
307;514;"1, 2, 17, 6, 37, ";"303, 37, 44, "
308;511;"1, 2, 17, 36, 21, ";"303, 43, 41, "
309;431;"1, 2, 17, 6, ";"303, 37, 56, "
310;469;"1, 2, 17, 7, ";"303, 58, 38, "
311;431;"1, 2, 17, 20, ";"303, 40, 62, "
312;489;"1, 2, 17, 21, ";"303, 64, 41, "
313;426;"1, 2, 17, 36, ";"303, 43, 68, "
314;477;"1, 2, 17, 37, ";"303, 70, 44, "
315;521;"2, 17, 6, 7, ";"72, 303, 37, 38, "
316;521;"2, 17, 20, 21, ";"72, 303, 40, 41, "
317;514;"2, 17, 36, 37, ";"72, 303, 43, 44, "
319;529;"2, 17, 6, 37, ";"72, 303, 37, 44, "
320;526;"2, 17, 36, 21, ";"72, 303, 43, 41, "
321;446;"2, 17, 6, ";"72, 303, 37, 56, "
322;484;"2, 17, 7, ";"72, 303, 58, 38, "
323;446;"2, 17, 20, ";"72, 303, 40, 62, "
324;504;"2, 17, 21, ";"72, 303, 64, 41, "
325;441;"2, 17, 36, ";"72, 303, 43, 68, "
326;492;"2, 17, 37, ";"72, 303, 70, 44, "
327;516;"4, 19, 8, 9, ";"2, 6, 126, 127, "
328;516;"4, 19, 22, 23, ";"2, 6, 130, 131, "
329;514;"4, 19, 38, 39, ";"2, 6, 134, 135, "
330;536;"4, 19, 8, 23, ";"2, 6, 126, 131, "
331;521;"4, 19, 38, 9, ";"2, 6, 134, 127, "
333;441;"4, 19, 8, ";"2, 6, 126, 151, "
334;479;"4, 19, 9, ";"2, 6, 154, 127, "
335;446;"4, 19, 22, ";"2, 6, 130, 159, "
336;499;"4, 19, 23, ";"2, 6, 162, 131, "
337;436;"4, 19, 38, ";"2, 6, 134, 167, "
338;472;"4, 19, 39, ";"2, 6, 170, 135, "
339;524;"4, 35, 8, 9, ";"2, 12, 126, 127, "
340;524;"4, 35, 22, 23, ";"2, 12, 130, 131, "
341;522;"4, 35, 38, 39, ";"2, 12, 134, 135, "
343;529;"4, 35, 38, 9, ";"2, 12, 134, 127, "
345;449;"4, 35, 8, ";"2, 12, 126, 151, "
346;479;"4, 35, 9, ";"2, 12, 154, 127, "
347;454;"4, 35, 22, ";"2, 12, 130, 159, "
348;499;"4, 35, 23, ";"2, 12, 162, 131, "
349;444;"4, 35, 38, ";"2, 12, 134, 167, "
350;472;"4, 35, 39, ";"2, 12, 170, 135, "
351;524;"6, 21, 10, 11, ";"37, 41, 174, 175, "
352;509;"6, 21, 10, 11, 12, ";"37, 41, 174, "
353;524;"6, 21, 24, 25, ";"37, 41, 181, 182, "
354;521;"6, 21, 40, 41, ";"37, 41, 185, 186, "
357;534;"6, 21, 40, 11, 12, ";"37, 41, 185, "
358;446;"6, 21, 10, ";"37, 41, 174, 201, "
359;492;"6, 21, 11, ";"37, 41, 204, 175, "
360;446;"6, 21, 24, ";"37, 41, 181, 209, "
362;512;"6, 21, 25, ";"37, 41, 212, 182, "
363;446;"6, 21, 40, ";"37, 41, 185, 217, "
364;464;"6, 21, 41, ";"37, 41, 220, 186, "
365;512;"6, 37, 10, 11, ";"37, 44, 174, 175, "
366;497;"6, 37, 10, 11, 12, ";"37, 44, 174, "
367;512;"6, 37, 24, 25, ";"37, 44, 181, 182, "
368;509;"6, 37, 40, 41, ";"37, 44, 185, 186, "
369;532;"6, 37, 10, 25, ";"37, 44, 174, 182, "
370;537;"6, 37, 40, 11, ";"37, 44, 185, 175, "
371;522;"6, 37, 40, 11, 12, ";"37, 44, 185, "
372;434;"6, 37, 10, ";"37, 44, 174, 201, "
373;492;"6, 37, 11, ";"37, 44, 204, 175, "
374;434;"6, 37, 24, ";"37, 44, 181, 209, "
376;512;"6, 37, 25, ";"37, 44, 212, 182, "
377;434;"6, 37, 40, ";"37, 44, 185, 217, "
378;464;"6, 37, 41, ";"37, 44, 220, 186, "
379;394;"8, 23, 12, ";"126, 131, 224, "
380;409;"8, 23, 26, ";"126, 131, 227, 228, "
381;509;"8, 23, 26, 27, ";"126, 131, 227, 232, "
382;494;"8, 23, 26, 27, 28, ";"126, 131, 227, "
383;521;"8, 23, 42, 43, ";"126, 131, 238, 239, "
384;506;"8, 23, 42, 43, 44, ";"126, 131, 238, "
385;529;"8, 23, 12, 27, ";"126, 131, 224, 246, 232, "
386;514;"8, 23, 12, 27, 28, ";"126, 131, 224, 246, "
388;529;"8, 23, 42, 27, 28, ";"126, 131, 238, "
389;487;"8, 23, 27, ";"126, 131, 261, 232, "
390;446;"8, 23, 42, ";"126, 131, 238, 266, "
391;464;"8, 23, 43, ";"126, 131, 269, 239, "
392;397;"10, 25, 28, ";"174, 182, 276, "
393;469;"13, 1, 4, 5, ";"292, 1, 2, 3, "
394;469;"13, 1, 18, 19, ";"292, 1, 5, 6, "
395;489;"13, 1, 4, 19, ";"292, 1, 2, 6, "
396;497;"13, 1, 4, 35, ";"292, 1, 2, 12, "
397;477;"13, 1, 18, 35, ";"292, 1, 5, 12, "
398;399;"13, 1, 4, ";"292, 1, 2, 18, "
399;444;"13, 1, 5, ";"292, 1, 20, 3, "
400;399;"13, 1, 18, ";"292, 1, 5, 24, "
401;464;"13, 1, 19, ";"292, 1, 26, 6, "
402;409;"13, 1, 34, ";"292, 1, 29, 30, "
403;472;"13, 1, 35, ";"292, 1, 32, 12, "
404;284;"13, 30, 3, ";"36, "
405;444;"13, 30, 3, 4, 5, ";"3, "
406;506;"13, 30, 31, 18, 19, ";"699, 5, 6, "
407;514;"13, 30, 31, 18, 35, ";"699, 5, 12, "
408;444;"13, 30, 31, 5, ";"699, 20, 3, "
409;436;"13, 30, 31, 18, ";"699, 5, 24, "
410;464;"13, 30, 31, 19, ";"699, 26, 6, "
411;436;"13, 30, 31, 34, ";"699, 29, 30, "
412;472;"13, 30, 31, 35, ";"699, 32, 12, "
413;504;"18, 35, 8, 9, ";"5, 12, 126, 127, "
414;504;"18, 35, 22, 23, ";"5, 12, 130, 131, "
415;502;"18, 35, 38, 39, ";"5, 12, 134, 135, "
416;524;"18, 35, 8, 23, ";"5, 12, 126, 131, "
417;509;"18, 35, 38, 9, ";"5, 12, 134, 127, "
418;529;"18, 35, 38, 23, ";"5, 12, 134, 131, "
419;429;"18, 35, 8, ";"5, 12, 126, 151, "
420;459;"18, 35, 9, ";"5, 12, 154, 127, "
421;434;"18, 35, 22, ";"5, 12, 130, 159, "
422;479;"18, 35, 23, ";"5, 12, 162, 131, "
423;424;"18, 35, 38, ";"5, 12, 134, 167, "
424;452;"18, 35, 39, ";"5, 12, 170, 135, "
425;439;"29, 1, 4, 5, ";"643, 1, 2, 3, "
426;439;"29, 1, 18, 19, ";"643, 1, 5, 6, "
427;459;"29, 1, 4, 19, ";"643, 1, 2, 6, "
428;467;"29, 1, 4, 35, ";"643, 1, 2, 12, "
429;447;"29, 1, 18, 35, ";"643, 1, 5, 12, "
430;369;"29, 1, 4, ";"643, 1, 2, 18, "
431;414;"29, 1, 5, ";"643, 1, 20, 3, "
432;369;"29, 1, 18, ";"643, 1, 5, 24, "
433;434;"29, 1, 19, ";"643, 1, 26, 6, "
434;379;"29, 1, 34, ";"643, 1, 29, 30, "
435;442;"29, 1, 35, ";"643, 1, 32, 12, "
436;352;"29, 1, 2, 33, ";"643, 34, "
437;424;"29, 1, 2, 33, 34, ";"643, 30, "
438;509;"36, 21, 10, 11, ";"43, 41, 174, 175, "
439;494;"36, 21, 10, 11, 12, ";"43, 41, 174, "
440;509;"36, 21, 24, 25, ";"43, 41, 181, 182, "
441;506;"36, 21, 40, 41, ";"43, 41, 185, 186, "
442;529;"36, 21, 10, 25, ";"43, 41, 174, 182, "
443;534;"36, 21, 40, 11, ";"43, 41, 185, 175, "
444;519;"36, 21, 40, 11, 12, ";"43, 41, 185, "
445;431;"36, 21, 10, ";"43, 41, 174, 201, "
446;477;"36, 21, 11, ";"43, 41, 204, 175, "
447;431;"36, 21, 24, ";"43, 41, 181, 209, "
449;497;"36, 21, 25, ";"43, 41, 212, 182, "
450;431;"36, 21, 40, ";"43, 41, 185, 217, "
451;449;"36, 21, 41, ";"43, 41, 220, 186, "
452;379;"38, 9, 12, ";"134, 127, 224, "
453;394;"38, 9, 26, ";"134, 127, 227, 228, "
454;494;"38, 9, 26, 27, ";"134, 127, 227, 232, "
455;479;"38, 9, 26, 27, 28, ";"134, 127, 227, "
456;506;"38, 9, 42, 43, ";"134, 127, 238, 239, "
457;491;"38, 9, 42, 43, 44, ";"134, 127, 238, "
458;514;"38, 9, 12, 27, ";"134, 127, 224, 246, 232, "
459;499;"38, 9, 12, 27, 28, ";"134, 127, 224, 246, "
460;529;"38, 9, 42, 27, ";"134, 127, 238, 232, "
461;514;"38, 9, 42, 27, 28, ";"134, 127, 238, "
462;492;"38, 9, 27, ";"134, 127, 261, 232, "
463;431;"38, 9, 42, ";"134, 127, 238, 266, "
464;469;"38, 9, 43, ";"134, 127, 269, 239, "
465;399;"38, 23, 12, ";"134, 131, 224, "
466;414;"38, 23, 26, ";"134, 131, 227, 228, "
467;514;"38, 23, 26, 27, ";"134, 131, 227, 232, "
468;499;"38, 23, 26, 27, 28, ";"134, 131, 227, "
469;526;"38, 23, 42, 43, ";"134, 131, 238, 239, "
470;511;"38, 23, 42, 43, 44, ";"134, 131, 238, "
471;534;"38, 23, 12, 27, ";"134, 131, 224, 246, 232, "
472;519;"38, 23, 12, 27, 28, ";"134, 131, 224, 246, "
474;534;"38, 23, 42, 27, 28, ";"134, 131, 238, "
475;492;"38, 23, 27, ";"134, 131, 261, 232, "
476;451;"38, 23, 42, ";"134, 131, 238, 266, "
477;469;"38, 23, 43, ";"134, 131, 269, 239, "
478;402;"40, 11, 28, ";"185, 175, 276, "
479;402;"40, 11, 44, ";"185, 175, 279, "
480;387;"40, 11, 12, 28, ";"185, 276, "
481;387;"40, 11, 12, 44, ";"185, 279, "
482;469;"1, 2, 6, 7, ";"318, 37, 38, "
483;489;"1, 2, 20, 21, ";"318, 40, 41, "
484;477;"1, 2, 36, 37, ";"318, 43, 44, "
485;489;"1, 2, 6, 21, ";"318, 37, 41, "
486;477;"1, 2, 6, 37, ";"318, 37, 44, "
487;489;"1, 2, 36, 21, ";"318, 43, 41, "
488;334;"1, 2, 5, ";"318, 20, 3, "
489;394;"1, 2, 6, ";"318, 37, 56, "
490;469;"1, 2, 7, ";"318, 58, 38, "
491;334;"1, 2, 19, ";"318, 26, 6, "
492;414;"1, 2, 20, ";"318, 40, 62, "
493;489;"1, 2, 21, ";"318, 64, 41, "
494;337;"1, 2, 35, ";"318, 32, 12, "
495;404;"1, 2, 36, ";"318, 43, 68, "
496;477;"1, 2, 37, ";"318, 70, 44, "
497;484;"2, 6, 7, ";"72, 318, 37, 38, "
498;504;"2, 20, 21, ";"72, 318, 40, 41, "
499;492;"2, 36, 37, ";"72, 318, 43, 44, "
500;504;"2, 6, 21, ";"72, 318, 37, 41, "
501;492;"2, 6, 37, ";"72, 318, 37, 44, "
502;504;"2, 36, 21, ";"72, 318, 43, 41, "
503;349;"2, 5, ";"72, 318, 20, 3, "
504;409;"2, 6, ";"72, 318, 37, 56, "
505;484;"2, 7, ";"72, 318, 58, 38, "
506;349;"2, 19, ";"72, 318, 26, 6, "
507;429;"2, 20, ";"72, 318, 40, 62, "
508;504;"2, 21, ";"72, 318, 64, 41, "
509;352;"2, 35, ";"72, 318, 32, 12, "
510;419;"2, 36, ";"72, 318, 43, 68, "
511;492;"2, 37, ";"72, 318, 70, 44, "
512;424;"3, 6, 7, ";"320, 36, 37, 38, "
513;427;"3, 20, 21, ";"320, 36, 40, 41, "
514;417;"3, 36, 37, ";"320, 36, 43, 44, "
515;444;"3, 6, 21, ";"320, 36, 37, 41, "
516;432;"3, 6, 37, ";"320, 36, 37, 44, "
517;429;"3, 36, 21, ";"320, 36, 43, 41, "
518;349;"3, 6, ";"320, 36, 37, 56, "
519;407;"3, 7, ";"320, 36, 58, 38, "
520;352;"3, 20, ";"320, 36, 40, 62, "
521;427;"3, 21, ";"320, 36, 64, 41, "
522;344;"3, 36, ";"320, 36, 43, 68, "
523;415;"3, 37, ";"320, 36, 70, 44, "
524;479;"4, 8, 9, ";"2, 18, 126, 127, "
525;499;"4, 22, 23, ";"2, 18, 130, 131, "
526;472;"4, 38, 39, ";"2, 18, 134, 135, "
527;499;"4, 8, 23, ";"2, 18, 126, 131, "
528;479;"4, 38, 9, ";"2, 18, 134, 127, "
529;499;"4, 38, 23, ";"2, 18, 134, 131, "
530;349;"4, 7, ";"2, 18, 58, 38, "
531;404;"4, 8, ";"2, 18, 126, 151, "
532;479;"4, 9, ";"2, 18, 154, 127, "
533;349;"4, 21, ";"2, 18, 64, 41, "
534;429;"4, 22, ";"2, 18, 130, 159, "
535;499;"4, 23, ";"2, 18, 162, 131, "
536;347;"4, 37, ";"2, 18, 70, 44, "
537;394;"4, 38, ";"2, 18, 134, 167, "
538;472;"4, 39, ";"2, 18, 170, 135, "
539;424;"5, 8, 9, ";"20, 3, 126, 127, "
540;427;"5, 22, 23, ";"20, 3, 130, 131, "
541;422;"5, 38, 39, ";"20, 3, 134, 135, "
542;444;"5, 8, 23, ";"20, 3, 126, 131, "
543;429;"5, 38, 9, ";"20, 3, 134, 127, "
544;449;"5, 38, 23, ";"20, 3, 134, 131, "
545;349;"5, 8, ";"20, 3, 126, 151, "
546;407;"5, 9, ";"20, 3, 154, 127, "
547;357;"5, 22, ";"20, 3, 130, 159, "
548;427;"5, 23, ";"20, 3, 162, 131, "
549;344;"5, 38, ";"20, 3, 134, 167, "
550;400;"5, 39, ";"20, 3, 170, 135, "
551;492;"6, 10, 11, ";"37, 56, 174, 175, "
552;477;"6, 10, 11, 12, ";"37, 56, 174, "
553;512;"6, 24, 25, ";"37, 56, 181, 182, "
554;464;"6, 40, 41, ";"37, 56, 185, 186, "
555;512;"6, 10, 25, ";"37, 56, 174, 182, "
556;492;"6, 40, 11, ";"37, 56, 185, 175, "
557;477;"6, 40, 11, 12, ";"37, 56, 185, "
558;349;"6, 9, ";"37, 56, 154, 127, "
559;414;"6, 10, ";"37, 56, 174, 201, "
560;492;"6, 11, ";"37, 56, 204, 175, "
561;349;"6, 23, ";"37, 56, 162, 131, "
562;434;"6, 24, ";"37, 56, 181, 209, "
564;512;"6, 25, ";"37, 56, 212, 182, "
565;352;"6, 39, ";"37, 56, 170, 135, "
566;389;"6, 40, ";"37, 56, 185, 217, "
567;464;"6, 41, ";"37, 56, 220, 186, "
568;427;"7, 10, 11, ";"58, 38, 174, 175, "
569;412;"7, 10, 11, 12, ";"58, 38, 174, "
570;435;"7, 24, 25, ";"58, 38, 181, 182, "
571;424;"7, 40, 41, ";"58, 38, 185, 186, "
572;447;"7, 10, 25, ";"58, 38, 174, 182, "
573;452;"7, 40, 11, ";"58, 38, 185, 175, "
574;437;"7, 40, 11, 12, ";"58, 38, 185, "
575;349;"7, 10, ";"58, 38, 174, 201, "
576;415;"7, 11, ";"58, 38, 204, 175, "
577;357;"7, 24, ";"58, 38, 181, 209, "
578;480;"7, 24, 25, 26, ";"58, 38, 181, 887, "
579;435;"7, 25, ";"58, 38, 212, 182, "
580;349;"7, 40, ";"58, 38, 185, 217, "
581;387;"7, 41, ";"58, 38, 220, 186, "
582;322;"8, 11, 12, ";"126, 151, 284, "
583;317;"8, 12, ";"126, 151, 224, "
584;487;"8, 25, 26, 27, ";"126, 151, 849, 232, "
585;472;"8, 25, 26, 27, 28, ";"126, 151, 849, "
586;387;"8, 26, ";"126, 151, 227, 228, "
587;487;"8, 26, 27, ";"126, 151, 227, 232, "
588;472;"8, 26, 27, 28, ";"126, 151, 227, "
589;464;"8, 42, 43, ";"126, 151, 238, 239, "
590;449;"8, 42, 43, 44, ";"126, 151, 238, "
591;487;"8, 12, 27, ";"126, 151, 224, 246, 232, "
592;472;"8, 12, 27, 28, ";"126, 151, 224, 246, "
593;487;"8, 42, 27, ";"126, 151, 238, 232, "
594;472;"8, 42, 27, 28, ";"126, 151, 238, "
595;347;"8, 11, ";"126, 151, 204, 175, "
596;352;"8, 25, ";"126, 151, 212, 182, "
597;397;"8, 25, 26, ";"126, 151, 849, 887, "
598;487;"8, 27, ";"126, 151, 261, 232, "
599;349;"8, 41, ";"126, 151, 220, 186, "
600;389;"8, 42, ";"126, 151, 238, 266, "
601;464;"8, 43, ";"126, 151, 269, 239, "
602;297;"9, 12, ";"154, 127, 224, "
603;312;"9, 26, ";"154, 127, 227, 228, "
604;412;"9, 26, 27, ";"154, 127, 227, 232, "
605;397;"9, 26, 27, 28, ";"154, 127, 227, "
606;424;"9, 42, 43, ";"154, 127, 238, 239, "
607;409;"9, 42, 43, 44, ";"154, 127, 238, "
608;432;"9, 12, 27, ";"154, 127, 224, 246, 232, "
609;417;"9, 12, 27, 28, ";"154, 127, 224, 246, "
610;447;"9, 42, 27, ";"154, 127, 238, 232, "
611;432;"9, 42, 27, 28, ";"154, 127, 238, "
612;410;"9, 27, ";"154, 127, 261, 232, "
613;349;"9, 42, ";"154, 127, 238, 266, "
614;387;"9, 43, ";"154, 127, 269, 239, "
615;317;"10, 27, 28, ";"174, 201, 2094, "
616;307;"10, 28, ";"174, 201, 276, "
617;324;"10, 43, 44, ";"174, 201, 604, "
618;299;"10, 44, ";"174, 201, 279, "
619;342;"10, 27, ";"174, 201, 261, 232, "
620;349;"10, 43, ";"174, 201, 269, 239, "
621;295;"11, 28, ";"204, 175, 276, "
622;295;"11, 44, ";"204, 175, 279, "
623;459;"14, 4, 5, ";"382, 2119, 2, 3, "
624;479;"14, 18, 19, ";"382, 2119, 5, 6, "
625;479;"14, 4, 19, ";"382, 2119, 2, 6, "
626;487;"14, 4, 35, ";"382, 2119, 2, 12, "
627;487;"14, 18, 35, ";"382, 2119, 5, 12, "
628;339;"14, 3, ";"382, 2119, 320, 36, "
629;389;"14, 4, ";"382, 2119, 2, 18, "
630;459;"14, 5, ";"382, 2119, 20, 3, "
631;339;"14, 17, ";"382, 2119, 326, 303, "
632;409;"14, 18, ";"382, 2119, 5, 24, "
633;479;"14, 19, ";"382, 2119, 26, 6, "
634;352;"14, 33, ";"382, 2119, 332, 34, "
635;424;"14, 34, ";"382, 2119, 29, 30, "
636;487;"14, 35, ";"382, 2119, 32, 12, "
637;419;"15, 4, 5, ";"2174, 349, 2, 3, "
638;419;"15, 18, 19, ";"2174, 349, 5, 6, "
639;439;"15, 4, 19, ";"2174, 349, 2, 6, "
640;447;"15, 4, 35, ";"2174, 349, 2, 12, "
641;427;"15, 18, 35, ";"2174, 349, 5, 12, "
642;349;"15, 4, ";"2174, 349, 2, 18, "
643;387;"15, 5, ";"2174, 349, 20, 3, "
644;349;"15, 18, ";"2174, 349, 5, 24, "
645;407;"15, 19, ";"2174, 349, 26, 6, "
646;352;"15, 34, ";"2174, 349, 29, 30, "
647;415;"15, 35, ";"2174, 349, 32, 12, "
648;464;"16, 6, 7, ";"302, 324, 37, 38, "
649;484;"16, 20, 21, ";"302, 324, 40, 41, "
650;472;"16, 36, 37, ";"302, 324, 43, 44, "
651;484;"16, 6, 21, ";"302, 324, 37, 41, "
652;472;"16, 6, 37, ";"302, 324, 37, 44, "
653;484;"16, 36, 21, ";"302, 324, 43, 41, "
654;349;"16, 5, ";"302, 324, 20, 3, "
655;389;"16, 6, ";"302, 324, 37, 56, "
656;464;"16, 7, ";"302, 324, 58, 38, "
657;349;"16, 19, ";"302, 324, 26, 6, "
658;409;"16, 20, ";"302, 324, 40, 62, "
659;484;"16, 21, ";"302, 324, 64, 41, "
660;347;"16, 35, ";"302, 324, 32, 12, "
661;399;"16, 36, ";"302, 324, 43, 68, "
662;472;"16, 37, ";"302, 324, 70, 44, "
663;424;"17, 6, 7, ";"326, 303, 37, 38, "
664;424;"17, 20, 21, ";"326, 303, 40, 41, "
665;417;"17, 36, 37, ";"326, 303, 43, 44, "
666;444;"17, 6, 21, ";"326, 303, 37, 41, "
667;432;"17, 6, 37, ";"326, 303, 37, 44, "
668;429;"17, 36, 21, ";"326, 303, 43, 41, "
669;349;"17, 6, ";"326, 303, 37, 56, "
670;387;"17, 7, ";"326, 303, 58, 38, "
671;349;"17, 20, ";"326, 303, 40, 62, "
672;407;"17, 21, ";"326, 303, 64, 41, "
673;344;"17, 36, ";"326, 303, 43, 68, "
674;395;"17, 37, ";"326, 303, 70, 44, "
675;459;"18, 8, 9, ";"5, 24, 126, 127, "
676;479;"18, 22, 23, ";"5, 24, 130, 131, "
677;452;"18, 38, 39, ";"5, 24, 134, 135, "
678;479;"18, 8, 23, ";"5, 24, 126, 131, "
679;459;"18, 38, 9, ";"5, 24, 134, 127, "
680;479;"18, 38, 23, ";"5, 24, 134, 131, "
681;349;"18, 7, ";"5, 24, 58, 38, "
682;384;"18, 8, ";"5, 24, 126, 151, "
683;459;"18, 9, ";"5, 24, 154, 127, "
684;349;"18, 21, ";"5, 24, 64, 41, "
685;409;"18, 22, ";"5, 24, 130, 159, "
686;479;"18, 23, ";"5, 24, 162, 131, "
687;347;"18, 37, ";"5, 24, 70, 44, "
688;374;"18, 38, ";"5, 24, 134, 167, "
689;452;"18, 39, ";"5, 24, 170, 135, "
690;424;"19, 8, 9, ";"26, 6, 126, 127, "
691;424;"19, 22, 23, ";"26, 6, 130, 131, "
692;422;"19, 38, 39, ";"26, 6, 134, 135, "
693;444;"19, 8, 23, ";"26, 6, 126, 131, "
694;429;"19, 38, 9, ";"26, 6, 134, 127, "
695;449;"19, 38, 23, ";"26, 6, 134, 131, "
696;349;"19, 8, ";"26, 6, 126, 151, "
697;387;"19, 9, ";"26, 6, 154, 127, "
698;354;"19, 22, ";"26, 6, 130, 159, "
699;407;"19, 23, ";"26, 6, 162, 131, "
700;344;"19, 38, ";"26, 6, 134, 167, "
701;380;"19, 39, ";"26, 6, 170, 135, "
702;472;"20, 10, 11, ";"40, 62, 174, 175, "
703;457;"20, 10, 11, 12, ";"40, 62, 174, "
704;492;"20, 24, 25, ";"40, 62, 181, 182, "
705;444;"20, 40, 41, ";"40, 62, 185, 186, "
706;492;"20, 10, 25, ";"40, 62, 174, 182, "
707;472;"20, 40, 11, ";"40, 62, 185, 175, "
708;457;"20, 40, 11, 12, ";"40, 62, 185, "
709;349;"20, 9, ";"40, 62, 154, 127, "
710;394;"20, 10, ";"40, 62, 174, 201, "
711;472;"20, 11, ";"40, 62, 204, 175, "
712;349;"20, 23, ";"40, 62, 162, 131, "
713;414;"20, 24, ";"40, 62, 181, 209, "
714;537;"20, 24, 25, 26, ";"40, 62, 181, 887, "
715;492;"20, 25, ";"40, 62, 212, 182, "
716;352;"20, 39, ";"40, 62, 170, 135, "
717;369;"20, 40, ";"40, 62, 185, 217, "
718;444;"20, 41, ";"40, 62, 220, 186, "
719;427;"21, 10, 11, ";"64, 41, 174, 175, "
720;412;"21, 10, 11, 12, ";"64, 41, 174, "
721;427;"21, 24, 25, ";"64, 41, 181, 182, "
722;424;"21, 40, 41, ";"64, 41, 185, 186, "
723;447;"21, 10, 25, ";"64, 41, 174, 182, "
724;452;"21, 40, 11, ";"64, 41, 185, 175, "
725;437;"21, 40, 11, 12, ";"64, 41, 185, "
726;349;"21, 10, ";"64, 41, 174, 201, "
727;395;"21, 11, ";"64, 41, 204, 175, "
728;349;"21, 24, ";"64, 41, 181, 209, "
729;472;"21, 24, 25, 26, ";"64, 41, 181, 887, "
730;415;"21, 25, ";"64, 41, 212, 182, "
731;349;"21, 40, ";"64, 41, 185, 217, "
732;367;"21, 41, ";"64, 41, 220, 186, "
733;327;"22, 11, 12, ";"130, 159, 284, "
734;304;"22, 12, ";"130, 159, 224, "
735;477;"22, 25, 26, 27, ";"130, 159, 849, 232, "
736;462;"22, 25, 26, 27, 28, ";"130, 159, 849, "
737;367;"22, 26, ";"130, 159, 227, 228, "
738;467;"22, 26, 27, ";"130, 159, 227, 232, "
739;452;"22, 26, 27, 28, ";"130, 159, 227, "
740;444;"22, 42, 43, ";"130, 159, 238, 239, "
741;429;"22, 42, 43, 44, ";"130, 159, 238, "
742;429;"22, 43, 44, ";"130, 159, 604, "
743;429;"22, 44, ";"130, 159, 279, "
744;467;"22, 12, 27, ";"130, 159, 224, 246, 232, "
745;452;"22, 12, 27, 28, ";"130, 159, 224, 246, "
746;467;"22, 42, 27, ";"130, 159, 238, 232, "
747;452;"22, 42, 27, 28, ";"130, 159, 238, "
748;352;"22, 11, ";"130, 159, 204, 175, "
749;352;"22, 25, ";"130, 159, 212, 182, "
750;387;"22, 25, 26, ";"130, 159, 849, 887, "
751;467;"22, 27, ";"130, 159, 261, 232, "
752;369;"22, 42, ";"130, 159, 238, 266, "
753;444;"22, 43, ";"130, 159, 269, 239, "
754;297;"23, 12, ";"162, 131, 224, "
755;312;"23, 26, ";"162, 131, 227, 228, "
756;412;"23, 26, 27, ";"162, 131, 227, 232, "
757;397;"23, 26, 27, 28, ";"162, 131, 227, "
758;424;"23, 42, 43, ";"162, 131, 238, 239, "
759;409;"23, 42, 43, 44, ";"162, 131, 238, "
760;352;"23, 43, 44, ";"162, 131, 604, "
761;352;"23, 44, ";"162, 131, 279, "
762;432;"23, 12, 27, ";"162, 131, 224, 246, 232, "
763;417;"23, 12, 27, 28, ";"162, 131, 224, 246, "
764;447;"23, 42, 27, ";"162, 131, 238, 232, "
765;432;"23, 42, 27, 28, ";"162, 131, 238, "
766;390;"23, 27, ";"162, 131, 261, 232, "
767;349;"23, 42, ";"162, 131, 238, 266, "
768;367;"23, 43, ";"162, 131, 269, 239, "
769;317;"24, 27, 28, ";"181, 209, 2094, "
770;299;"24, 28, ";"181, 209, 276, "
771;299;"24, 44, ";"181, 209, 279, "
772;342;"24, 27, ";"181, 209, 261, 232, "
773;295;"25, 28, ";"212, 182, 276, "
774;414;"29, 30, 31, 32, 5, ";"3, "
776;434;"29, 30, 31, 32, 19, ";"6, "
777;442;"29, 30, 31, 32, 35, ";"12, "
780;499;"29, 30, 31, 32, 5, 6, ";"56, "
781;429;"30, 4, 5, ";"720, 2707, 2, 3, "
782;449;"30, 18, 19, ";"720, 2707, 5, 6, "
783;449;"30, 4, 19, ";"720, 2707, 2, 6, "
784;457;"30, 4, 35, ";"720, 2707, 2, 12, "
785;457;"30, 18, 35, ";"720, 2707, 5, 12, "
786;359;"30, 4, ";"720, 2707, 2, 18, "
787;429;"30, 5, ";"720, 2707, 20, 3, "
788;344;"30, 17, ";"720, 2707, 326, 303, "
789;379;"30, 18, ";"720, 2707, 5, 24, "
790;449;"30, 19, ";"720, 2707, 26, 6, "
791;347;"30, 33, ";"720, 2707, 332, 34, "
792;394;"30, 34, ";"720, 2707, 29, 30, "
793;457;"30, 35, ";"720, 2707, 32, 12, "
794;429;"30, 31, 32, 5, ";"720, 3, "
795;449;"30, 31, 32, 19, ";"720, 6, "
796;419;"31, 18, 19, ";"2762, 699, 5, 6, "
797;427;"31, 18, 35, ";"2762, 699, 5, 12, "
798;357;"31, 5, ";"2762, 699, 20, 3, "
799;349;"31, 18, ";"2762, 699, 5, 24, "
800;377;"31, 19, ";"2762, 699, 26, 6, "
801;349;"31, 34, ";"2762, 699, 29, 30, "
802;385;"31, 35, ";"2762, 699, 32, 12, "
803;357;"31, 32, 5, ";"2762, 3, "
804;444;"32, 6, 7, ";"305, 330, 37, 38, "
805;464;"32, 20, 21, ";"305, 330, 40, 41, "
806;452;"32, 36, 37, ";"305, 330, 43, 44, "
807;464;"32, 6, 21, ";"305, 330, 37, 41, "
808;452;"32, 6, 37, ";"305, 330, 37, 44, "
809;464;"32, 36, 21, ";"305, 330, 43, 41, "
810;369;"32, 6, ";"305, 330, 37, 56, "
811;444;"32, 7, ";"305, 330, 58, 38, "
812;349;"32, 19, ";"305, 330, 26, 6, "
813;389;"32, 20, ";"305, 330, 40, 62, "
814;464;"32, 21, ";"305, 330, 64, 41, "
815;347;"32, 35, ";"305, 330, 32, 12, "
816;379;"32, 36, ";"305, 330, 43, 68, "
817;452;"32, 37, ";"305, 330, 70, 44, "
818;427;"33, 20, 21, ";"332, 34, 40, 41, "
819;420;"33, 36, 37, ";"332, 34, 43, 44, "
820;432;"33, 36, 21, ";"332, 34, 43, 41, "
821;357;"33, 7, ";"332, 34, 58, 38, "
822;352;"33, 20, ";"332, 34, 40, 62, "
823;377;"33, 21, ";"332, 34, 64, 41, "
824;347;"33, 36, ";"332, 34, 43, 68, "
825;365;"33, 37, ";"332, 34, 70, 44, "
826;357;"33, 34, 7, ";"332, 38, "
827;444;"34, 8, 9, ";"29, 30, 126, 127, "
828;464;"34, 22, 23, ";"29, 30, 130, 131, "
829;437;"34, 38, 39, ";"29, 30, 134, 135, "
830;464;"34, 8, 23, ";"29, 30, 126, 131, "
831;444;"34, 38, 9, ";"29, 30, 134, 127, "
832;464;"34, 38, 23, ";"29, 30, 134, 131, "
833;369;"34, 8, ";"29, 30, 126, 151, "
834;444;"34, 9, ";"29, 30, 154, 127, "
835;349;"34, 21, ";"29, 30, 64, 41, "
836;394;"34, 22, ";"29, 30, 130, 159, "
837;464;"34, 23, ";"29, 30, 162, 131, "
838;347;"34, 37, ";"29, 30, 70, 44, "
839;359;"34, 38, ";"29, 30, 134, 167, "
840;437;"34, 39, ";"29, 30, 170, 135, "
841;422;"35, 8, 9, ";"32, 12, 126, 127, "
842;422;"35, 22, 23, ";"32, 12, 130, 131, "
843;420;"35, 38, 39, ";"32, 12, 134, 135, "
844;442;"35, 8, 23, ";"32, 12, 126, 131, "
845;427;"35, 38, 9, ";"32, 12, 134, 127, "
846;447;"35, 38, 23, ";"32, 12, 134, 131, "
847;347;"35, 8, ";"32, 12, 126, 151, "
848;377;"35, 9, ";"32, 12, 154, 127, "
849;352;"35, 22, ";"32, 12, 130, 159, "
850;397;"35, 23, ";"32, 12, 162, 131, "
851;342;"35, 38, ";"32, 12, 134, 167, "
852;370;"35, 39, ";"32, 12, 170, 135, "
853;477;"36, 10, 11, ";"43, 68, 174, 175, "
854;462;"36, 10, 11, 12, ";"43, 68, 174, "
855;497;"36, 24, 25, ";"43, 68, 181, 182, "
856;449;"36, 40, 41, ";"43, 68, 185, 186, "
857;497;"36, 10, 25, ";"43, 68, 174, 182, "
858;477;"36, 40, 11, ";"43, 68, 185, 175, "
859;462;"36, 40, 11, 12, ";"43, 68, 185, "
860;344;"36, 9, ";"43, 68, 154, 127, "
861;399;"36, 10, ";"43, 68, 174, 201, "
862;477;"36, 11, ";"43, 68, 204, 175, "
863;344;"36, 23, ";"43, 68, 162, 131, "
864;419;"36, 24, ";"43, 68, 181, 209, "
866;497;"36, 25, ";"43, 68, 212, 182, "
867;347;"36, 39, ";"43, 68, 170, 135, "
868;374;"36, 40, ";"43, 68, 185, 217, "
869;449;"36, 41, ";"43, 68, 220, 186, "
870;425;"37, 10, 11, ";"70, 44, 174, 175, "
871;410;"37, 10, 11, 12, ";"70, 44, 174, "
872;425;"37, 24, 25, ";"70, 44, 181, 182, "
873;422;"37, 40, 41, ";"70, 44, 185, 186, "
874;445;"37, 10, 25, ";"70, 44, 174, 182, "
875;450;"37, 40, 11, ";"70, 44, 185, 175, "
876;435;"37, 40, 11, 12, ";"70, 44, 185, "
877;347;"37, 10, ";"70, 44, 174, 201, "
878;405;"37, 11, ";"70, 44, 204, 175, "
879;347;"37, 24, ";"70, 44, 181, 209, "
880;470;"37, 24, 25, 26, ";"70, 44, 181, 887, "
881;425;"37, 25, ";"70, 44, 212, 182, "
882;347;"37, 40, ";"70, 44, 185, 217, "
883;377;"37, 41, ";"70, 44, 220, 186, "
884;322;"38, 11, 12, ";"134, 167, 284, "
885;322;"38, 12, ";"134, 167, 224, "
886;492;"38, 25, 26, 27, ";"134, 167, 849, 232, "
887;477;"38, 25, 26, 27, 28, ";"134, 167, 849, "
888;392;"38, 26, ";"134, 167, 227, 228, "
889;492;"38, 26, 27, ";"134, 167, 227, 232, "
890;477;"38, 26, 27, 28, ";"134, 167, 227, "
891;469;"38, 42, 43, ";"134, 167, 238, 239, "
892;454;"38, 42, 43, 44, ";"134, 167, 238, "
893;492;"38, 12, 27, ";"134, 167, 224, 246, 232, "
894;477;"38, 12, 27, 28, ";"134, 167, 224, 246, "
895;492;"38, 42, 27, ";"134, 167, 238, 232, "
896;477;"38, 42, 27, 28, ";"134, 167, 238, "
897;342;"38, 11, ";"134, 167, 204, 175, "
898;357;"38, 25, ";"134, 167, 212, 182, "
899;402;"38, 25, 26, ";"134, 167, 849, 887, "
900;492;"38, 27, ";"134, 167, 261, 232, "
901;344;"38, 41, ";"134, 167, 220, 186, "
902;394;"38, 42, ";"134, 167, 238, 266, "
903;469;"38, 43, ";"134, 167, 269, 239, "
904;414;"38, 39, 40, 25, ";"134, 182, "
906;532;"38, 39, 40, 25, 26, 27, 28, ";"134, "
907;457;"38, 39, 40, 25, 26, ";"134, 887, "
908;300;"39, 12, ";"170, 135, 224, "
909;473;"39, 25, 26, 27, ";"170, 135, 849, 232, "
910;458;"39, 25, 26, 27, 28, ";"170, 135, 849, "
911;320;"39, 26, ";"170, 135, 227, 228, "
912;420;"39, 26, 27, ";"170, 135, 227, 232, "
913;405;"39, 26, 27, 28, ";"170, 135, 227, "
914;427;"39, 42, 43, ";"170, 135, 238, 239, "
915;412;"39, 42, 43, 44, ";"170, 135, 238, "
916;435;"39, 12, 27, ";"170, 135, 224, 246, 232, "
917;420;"39, 12, 27, 28, ";"170, 135, 224, 246, "
918;450;"39, 42, 27, ";"170, 135, 238, 232, "
919;435;"39, 42, 27, 28, ";"170, 135, 238, "
920;383;"39, 25, 26, ";"170, 135, 849, 887, "
921;420;"39, 27, ";"170, 135, 261, 232, "
922;352;"39, 42, ";"170, 135, 238, 266, "
923;397;"39, 43, ";"170, 135, 269, 239, "
924;332;"39, 40, 25, ";"170, 182, "
925;465;"39, 40, 25, 26, 27, ";"170, 232, "
926;450;"39, 40, 25, 26, 27, 28, ";"170, "
927;375;"39, 40, 25, 26, ";"170, 887, "
928;332;"40, 27, 28, ";"185, 217, 2094, "
929;332;"40, 28, ";"185, 217, 276, "
930;324;"40, 43, 44, ";"185, 217, 604, "
931;309;"40, 44, ";"185, 217, 279, "
932;347;"40, 27, ";"185, 217, 261, 232, "
933;349;"40, 43, ";"185, 217, 269, 239, "
934;297;"41, 28, ";"220, 186, 276, "
935;297;"41, 44, ";"220, 186, 279, "
936;469;"1, 16, 6, 7, ";"324, 37, 38, "
937;489;"1, 16, 20, 21, ";"324, 40, 41, "
938;477;"1, 16, 36, 37, ";"324, 43, 44, "
939;489;"1, 16, 6, 21, ";"324, 37, 41, "
940;477;"1, 16, 6, 37, ";"324, 37, 44, "
941;489;"1, 16, 36, 21, ";"324, 43, 41, "
942;354;"1, 16, 5, ";"324, 20, 3, "
943;394;"1, 16, 6, ";"324, 37, 56, "
944;469;"1, 16, 7, ";"324, 58, 38, "
945;354;"1, 16, 19, ";"324, 26, 6, "
946;414;"1, 16, 20, ";"324, 40, 62, "
947;489;"1, 16, 21, ";"324, 64, 41, "
948;352;"1, 16, 35, ";"324, 32, 12, "
949;404;"1, 16, 36, ";"324, 43, 68, "
950;477;"1, 16, 37, ";"324, 70, 44, "
951;469;"1, 32, 6, 7, ";"330, 37, 38, "
952;489;"1, 32, 20, 21, ";"330, 40, 41, "
953;477;"1, 32, 36, 37, ";"330, 43, 44, "
954;489;"1, 32, 6, 21, ";"330, 37, 41, "
955;477;"1, 32, 6, 37, ";"330, 37, 44, "
956;489;"1, 32, 36, 21, ";"330, 43, 41, "
957;394;"1, 32, 6, ";"330, 37, 56, "
958;469;"1, 32, 7, ";"330, 58, 38, "
959;374;"1, 32, 19, ";"330, 26, 6, "
960;414;"1, 32, 20, ";"330, 40, 62, "
961;489;"1, 32, 21, ";"330, 64, 41, "
962;372;"1, 32, 35, ";"330, 32, 12, "
963;404;"1, 32, 36, ";"330, 43, 68, "
964;477;"1, 32, 37, ";"330, 70, 44, "
965;309;"1, 32, 5, ";"3, "
966;469;"1, 32, 5, 6, 7, ";"38, "
967;329;"1, 32, 19, ";"6, "
968;489;"1, 32, 19, 20, 21, ";"41, "
969;337;"1, 32, 35, ";"12, "
970;477;"1, 32, 35, 36, 37, ";"44, "
971;489;"1, 32, 5, 6, 21, ";"41, "
972;477;"1, 32, 5, 6, 37, ";"44, "
973;489;"1, 32, 35, 36, 21, ";"41, "
974;394;"1, 32, 5, 6, ";"56, "
975;414;"1, 32, 19, 20, ";"62, "
976;404;"1, 32, 35, 36, ";"68, "
977;469;"13, 1, 2, 5, ";"292, 318, 20, 3, "
978;469;"13, 1, 2, 19, ";"292, 318, 26, 6, "
979;472;"13, 1, 2, 35, ";"292, 318, 32, 12, "
980;444;"13, 1, 2, 5, ";"292, 3, "
981;392;"13, 1, 2, 33, ";"292, 34, "
982;464;"13, 1, 2, 33, 34, ";"292, 30, "
983;444;"13, 30, 4, 5, ";"2707, 2, 3, "
984;464;"13, 30, 18, 19, ";"2707, 5, 6, "
985;464;"13, 30, 4, 19, ";"2707, 2, 6, "
986;472;"13, 30, 4, 35, ";"2707, 2, 12, "
987;472;"13, 30, 18, 35, ";"2707, 5, 12, "
988;374;"13, 30, 4, ";"2707, 2, 18, "
989;444;"13, 30, 5, ";"2707, 20, 3, "
990;359;"13, 30, 17, ";"2707, 326, 303, "
991;394;"13, 30, 18, ";"2707, 5, 24, "
992;464;"13, 30, 19, ";"2707, 26, 6, "
993;362;"13, 30, 33, ";"2707, 332, 34, "
994;409;"13, 30, 34, ";"2707, 29, 30, "
995;472;"13, 30, 35, ";"2707, 32, 12, "
999;439;"29, 1, 2, 5, ";"643, 318, 20, 3, "
1000;499;"29, 1, 2, 6, ";"643, 318, 37, 56, "
1002;439;"29, 1, 2, 19, ";"643, 318, 26, 6, "
1003;442;"29, 1, 2, 35, ";"643, 318, 32, 12, "
1004;494;"1, 2, 33, 20, 21, ";"34, 40, 41, "
1005;487;"1, 2, 33, 36, 37, ";"34, 43, 44, "
1006;499;"1, 2, 33, 36, 21, ";"34, 43, 41, "
1007;469;"1, 2, 33, 7, ";"34, 58, 38, "
1008;419;"1, 2, 33, 20, ";"34, 40, 62, "
1009;489;"1, 2, 33, 21, ";"34, 64, 41, "
1010;414;"1, 2, 33, 36, ";"34, 43, 68, "
1011;477;"1, 2, 33, 37, ";"34, 70, 44, "
1020;489;"1, 2, 33, 34, 21, ";"30, 64, 41, "
1023;487;"1, 2, 33, 34, 37, ";"30, 70, 44, "
1026;469;"1, 2, 33, 34, 7, ";"38, "
1028;489;"1, 2, 33, 34, 21, ";"41, "
1029;479;"1, 2, 33, 34, 37, ";"44, "
1046;509;"2, 33, 20, 21, ";"72, 34, 40, 41, "
1047;502;"2, 33, 36, 37, ";"72, 34, 43, 44, "
1048;514;"2, 33, 36, 21, ";"72, 34, 43, 41, "
1049;484;"2, 33, 7, ";"72, 34, 58, 38, "
1050;434;"2, 33, 20, ";"72, 34, 40, 62, "
1051;504;"2, 33, 21, ";"72, 34, 64, 41, "
1052;429;"2, 33, 36, ";"72, 34, 43, 68, "
1053;492;"2, 33, 37, ";"72, 34, 70, 44, "
1062;504;"2, 33, 34, 21, ";"72, 30, 64, 41, "
1065;502;"2, 33, 34, 37, ";"72, 30, 70, 44, "
1068;484;"2, 33, 34, 7, ";"72, 38, "
1070;504;"2, 33, 34, 21, ";"72, 41, "
1071;494;"2, 33, 34, 37, ";"72, 44, "
1118;514;"6, 7, 40, 25, ";"37, 38, 185, 182, "
1156;529;"13, 14, 3, 6, ";"338, 320, 36, 37, 56, "
1160;539;"13, 14, 3, 36, ";"338, 320, 36, 43, 68, "
1168;529;"13, 14, 17, 6, ";"338, 326, 303, 37, 56, "
1172;539;"13, 14, 17, 36, ";"338, 326, 303, 43, 68, "
1180;539;"13, 14, 33, 36, ";"338, 332, 34, 43, 68, "
1296;506;"20, 21, 40, 25, ";"40, 41, 185, 182, "
1334;499;"29, 30, 17, 6, ";"673, 326, 303, 37, 56, "
1336;519;"29, 30, 17, 20, ";"673, 326, 303, 40, 62, "
1338;509;"29, 30, 17, 36, ";"673, 326, 303, 43, 68, "
1344;519;"29, 30, 33, 20, ";"673, 332, 34, 40, 62, "
1346;509;"29, 30, 33, 36, ";"673, 332, 34, 43, 68, "
1413;499;"36, 37, 40, 25, ";"43, 44, 185, 182, "
1533;526;"6, 21, 40, 25, ";"37, 41, 185, 182, "
1570;514;"6, 37, 40, 25, ";"37, 44, 185, 182, "
1745;524;"29, 1, 2, 33, 20, ";"643, 34, 40, 62, "
1747;519;"29, 1, 2, 33, 36, ";"643, 34, 43, 68, "
1765;511;"36, 21, 40, 25, ";"43, 41, 185, 182, "
2057;512;"6, 40, 25, ";"37, 56, 185, 182, "
2068;509;"6, 9, 12, ";"37, 56, 154, 127, 224, "
2089;512;"6, 23, 12, ";"37, 56, 162, 131, 224, "
2107;504;"6, 39, 12, ";"37, 56, 170, 135, 224, "
2123;512;"6, 39, 40, 25, ";"37, 56, 170, 182, "
2140;437;"7, 40, 25, ";"58, 38, 185, 182, "
2143;480;"7, 40, 25, 26, ";"58, 38, 185, 887, "
2153;532;"7, 10, 43, 44, ";"58, 38, 174, 201, 604, "
2166;532;"7, 40, 43, 44, ";"58, 38, 185, 217, 604, "
2172;474;"8, 11, 12, 28, ";"126, 151, 284, 276, "
2173;474;"8, 11, 12, 44, ";"126, 151, 284, 279, "
2174;507;"8, 11, 28, ";"126, 151, 204, 175, 276, "
2175;484;"8, 11, 44, ";"126, 151, 204, 175, 279, "
2176;507;"8, 25, 28, ";"126, 151, 212, 182, 276, "
2177;504;"8, 41, 28, ";"126, 151, 220, 186, 276, "
2178;484;"8, 41, 44, ";"126, 151, 220, 186, 279, "
2276;539;"16, 5, 38, ";"302, 324, 20, 3, 134, 167, "
2293;539;"16, 19, 38, ";"302, 324, 26, 6, 134, 167, "
2310;539;"16, 35, 38, ";"302, 324, 32, 12, 134, 167, "
2352;540;"17, 6, 39, ";"326, 303, 37, 56, 170, 135, "
2365;540;"17, 20, 39, ";"326, 303, 40, 62, 170, 135, "
2378;540;"17, 36, 39, ";"326, 303, 43, 68, 170, 135, "
2415;524;"18, 7, 40, ";"5, 24, 58, 38, 185, 217, "
2438;524;"18, 21, 40, ";"5, 24, 64, 41, 185, 217, "
2460;524;"18, 37, 40, ";"5, 24, 70, 44, 185, 217, "
2511;540;"19, 8, 11, 12, ";"26, 6, 126, 151, 284, "
2519;527;"19, 8, 41, ";"26, 6, 126, 151, 220, 186, "
2528;540;"19, 22, 11, 12, ";"26, 6, 130, 159, 284, "
2544;540;"19, 38, 11, 12, ";"26, 6, 134, 167, 284, "
2552;527;"19, 38, 41, ";"26, 6, 134, 167, 220, 186, "
2571;492;"20, 40, 25, ";"40, 62, 185, 182, "
2574;537;"20, 40, 25, 26, ";"40, 62, 185, 887, "
2582;492;"20, 9, 12, ";"40, 62, 154, 127, 224, "
2583;527;"20, 9, 26, ";"40, 62, 154, 127, 227, 228, "
2593;529;"20, 9, 42, ";"40, 62, 154, 127, 238, 266, "
2603;492;"20, 23, 12, ";"40, 62, 162, 131, 224, "
2604;527;"20, 23, 26, ";"40, 62, 162, 131, 227, 228, "
2614;529;"20, 23, 42, ";"40, 62, 162, 131, 238, 266, "
2621;492;"20, 39, 12, ";"40, 62, 170, 135, 224, "
2624;527;"20, 39, 26, ";"40, 62, 170, 135, 227, 228, "
2635;529;"20, 39, 42, ";"40, 62, 170, 135, 238, 266, "
2637;504;"20, 39, 40, 25, ";"40, 62, 170, 182, "
2653;512;"21, 24, 43, 44, ";"64, 41, 181, "
2655;429;"21, 40, 25, ";"64, 41, 185, 182, "
2658;472;"21, 40, 25, 26, ";"64, 41, 185, 887, "
2666;535;"21, 10, 27, 28, ";"64, 41, 174, 201, 2094, "
2668;512;"21, 10, 43, 44, ";"64, 41, 174, 201, 604, "
2671;527;"21, 10, 43, ";"64, 41, 174, 201, 269, 239, "
2674;535;"21, 24, 27, 28, ";"64, 41, 181, 209, 2094, "
2679;535;"21, 40, 27, 28, ";"64, 41, 185, 217, 2094, "
2681;512;"21, 40, 43, 44, ";"64, 41, 185, 217, 604, "
2684;527;"21, 40, 43, ";"64, 41, 185, 217, 269, 239, "
2687;454;"22, 11, 12, 28, ";"130, 159, 284, 276, "
2688;454;"22, 11, 12, 44, ";"130, 159, 284, 279, "
2689;487;"22, 11, 28, ";"130, 159, 204, 175, 276, "
2690;472;"22, 11, 44, ";"130, 159, 204, 175, 279, "
2691;487;"22, 25, 28, ";"130, 159, 212, 182, 276, "
2715;516;"30, 17, 6, ";"720, 2707, 326, 303, 37, 56, "
2717;534;"30, 17, 20, ";"720, 2707, 326, 303, 40, 62, "
2719;524;"30, 17, 36, ";"720, 2707, 326, 303, 43, 68, "
2732;534;"30, 33, 20, ";"720, 2707, 332, 34, 40, 62, "
2734;524;"30, 33, 36, ";"720, 2707, 332, 34, 43, 68, "
2769;519;"31, 18, 7, ";"2762, 699, 5, 24, 58, 38, "
2772;537;"31, 18, 21, ";"2762, 699, 5, 24, 64, 41, "
2774;525;"31, 18, 37, ";"2762, 699, 5, 24, 70, 44, "
2790;537;"31, 34, 21, ";"2762, 699, 29, 30, 64, 41, "
2792;525;"31, 34, 37, ";"2762, 699, 29, 30, 70, 44, "
2820;529;"32, 19, 8, ";"305, 330, 26, 6, 126, 151, "
2824;519;"32, 19, 38, ";"305, 330, 26, 6, 134, 167, "
2837;529;"32, 35, 8, ";"305, 330, 32, 12, 126, 151, "
2841;519;"32, 35, 38, ";"305, 330, 32, 12, 134, 167, "
2893;522;"33, 20, 9, ";"332, 34, 40, 62, 154, 127, "
2896;537;"33, 20, 23, ";"332, 34, 40, 62, 162, 131, "
2898;525;"33, 20, 39, ";"332, 34, 40, 62, 170, 135, "
2916;517;"33, 36, 9, ";"332, 34, 43, 68, 154, 127, "
2919;537;"33, 36, 23, ";"332, 34, 43, 68, 162, 131, "
2921;520;"33, 36, 39, ";"332, 34, 43, 68, 170, 135, "
2971;534;"34, 21, 10, ";"29, 30, 64, 41, 174, 201, "
2976;521;"34, 21, 40, ";"29, 30, 64, 41, 185, 217, "
2995;534;"34, 37, 10, ";"29, 30, 70, 44, 174, 201, "
3000;519;"34, 37, 40, ";"29, 30, 70, 44, 185, 217, "
3074;530;"35, 8, 11, 12, ";"32, 12, 126, 151, 284, "
3086;517;"35, 8, 41, ";"32, 12, 126, 151, 220, 186, "
3098;530;"35, 22, 11, 12, ";"32, 12, 130, 159, 284, "
3121;530;"35, 38, 11, 12, ";"32, 12, 134, 167, 284, "
3133;517;"35, 38, 41, ";"32, 12, 134, 167, 220, 186, "
3158;497;"36, 40, 25, ";"43, 68, 185, 182, "
3169;497;"36, 9, 12, ";"43, 68, 154, 127, 224, "
3170;532;"36, 9, 26, ";"43, 68, 154, 127, 227, 228, "
3180;534;"36, 9, 42, ";"43, 68, 154, 127, 238, 266, "
3190;497;"36, 23, 12, ";"43, 68, 162, 131, 224, "
3191;532;"36, 23, 26, ";"43, 68, 162, 131, 227, 228, "
3201;534;"36, 23, 42, ";"43, 68, 162, 131, 238, 266, "
3208;497;"36, 39, 12, ";"43, 68, 170, 135, 224, "
3211;532;"36, 39, 26, ";"43, 68, 170, 135, 227, 228, "
3222;534;"36, 39, 42, ";"43, 68, 170, 135, 238, 266, "
3224;499;"36, 39, 40, 25, ";"43, 68, 170, 182, "
3240;522;"37, 24, 43, 44, ";"70, 44, 181, "
3242;427;"37, 40, 25, ";"70, 44, 185, 182, "
3245;470;"37, 40, 25, 26, ";"70, 44, 185, 887, "
3255;522;"37, 10, 43, 44, ";"70, 44, 174, 201, 604, "
3258;537;"37, 10, 43, ";"70, 44, 174, 201, 269, 239, "
3268;522;"37, 40, 43, 44, ";"70, 44, 185, 217, 604, "
3271;537;"37, 40, 43, ";"70, 44, 185, 217, 269, 239, "
3274;477;"38, 11, 12, 28, ";"134, 167, 284, 276, "
3275;474;"38, 11, 12, 44, ";"134, 167, 284, 279, "
3276;512;"38, 11, 28, ";"134, 167, 204, 175, 276, "
3277;489;"38, 11, 44, ";"134, 167, 204, 175, 279, "
3278;512;"38, 25, 28, ";"134, 167, 212, 182, 276, "
3279;499;"38, 41, 28, ";"134, 167, 220, 186, 276, "
3280;489;"38, 41, 44, ";"134, 167, 220, 186, 279, "
3444;531;"13, 30, 17, 6, ";"2707, 326, 303, 37, 56, "
3448;539;"13, 30, 17, 36, ";"2707, 326, 303, 43, 68, "
3463;539;"13, 30, 33, 36, ";"2707, 332, 34, 43, 68, "
3480;240;"1, ";"1, "
3481;240;"1, 2, 3, ";"36, "
3482;254;"2, 3, ";"72, 36, "
3483;249;"4, 5, ";"2, 3, "
3484;254;"6, 7, ";"37, 38, "
3485;254;"8, 9, ";"126, 127, "
3486;257;"10, 11, ";"174, 175, "
3487;242;"10, 11, 12, ";"174, "
3488;240;"11, 12, ";"284, "
3489;240;"12, ";"224, "
3490;240;"13, ";"292, "
3491;240;"13, 14, ";"338, "
3492;240;"13, 14, 15, ";"349, "
3493;249;"14, 15, ";"382, 349, "
3494;254;"16, 17, ";"302, 303, "
3495;249;"18, 19, ";"5, 6, "
3496;254;"20, 21, ";"40, 41, "
3497;254;"22, 23, ";"130, 131, "
3498;257;"24, 25, ";"181, 182, "
3499;240;"26, ";"227, 228, "
3500;242;"26, 27, ";"227, 232, "
3501;240;"26, 27, 28, ";"227, "
3502;240;"27, 28, ";"2094, "
3503;240;"28, ";"276, "
3504;240;"29, ";"643, "
3505;240;"29, 30, ";"673, "
3506;240;"29, 30, 31, ";"699, "
3507;249;"30, 31, ";"720, 699, "
3508;267;"32, 33, ";"305, 34, "
3509;247;"36, 37, ";"43, 44, "
3510;252;"38, 39, ";"134, 135, "
3511;254;"40, 41, ";"185, 186, "
3512;254;"42, 43, ";"238, 239, "
3513;240;"42, 43, 44, ";"238, "
3514;240;"44, ";"279, "
3515;259;"1, 16, 17, ";"303, "
3516;292;"1, 32, 33, ";"34, "
3517;259;"1, 2, 17, ";"303, "
3518;274;"2, 17, ";"72, 303, "
3519;269;"4, 19, ";"2, 6, "
3520;277;"4, 35, ";"2, 12, "
3521;274;"6, 21, ";"37, 41, "
3522;262;"6, 37, ";"37, 44, "
3523;274;"8, 23, ";"126, 131, "
3524;277;"10, 25, ";"174, 182, "
3525;262;"12, 27, ";"224, 246, 232, "
3526;247;"12, 27, 28, ";"224, 246, "
3527;240;"13, 1, ";"292, 1, "
3528;264;"13, 30, 31, ";"699, "
3529;257;"18, 35, ";"5, 12, "
3530;240;"29, 1, ";"643, 1, "
3531;259;"36, 21, ";"43, 41, "
3532;259;"38, 9, ";"134, 127, "
3533;279;"38, 23, ";"134, 131, "
3534;282;"40, 11, ";"185, 175, "
3535;267;"40, 11, 12, ";"185, "
3536;277;"42, 27, ";"238, 232, "
3537;262;"42, 27, 28, ";"238, "
3538;240;"1, 2, ";"318, "
3539;240;"2, ";"72, 318, "
3540;240;"3, ";"320, 36, "
3541;240;"4, ";"2, 18, "
3542;240;"5, ";"20, 3, "
3543;240;"6, ";"37, 56, "
3544;240;"7, ";"58, 38, "
3545;240;"8, ";"126, 151, "
3546;240;"9, ";"154, 127, "
3547;240;"10, ";"174, 201, "
3548;240;"11, ";"204, 175, "
3549;240;"14, ";"382, 2119, "
3550;240;"15, ";"2174, 349, "
3551;240;"16, ";"302, 324, "
3552;240;"17, ";"326, 303, "
3553;240;"18, ";"5, 24, "
3554;240;"19, ";"26, 6, "
3555;240;"20, ";"40, 62, "
3556;240;"21, ";"64, 41, "
3557;240;"22, ";"130, 159, "
3558;240;"23, ";"162, 131, "
3559;240;"24, ";"181, 209, "
3560;240;"25, ";"212, 182, "
3561;240;"25, 26, ";"212, 228, "
3562;295;"25, 26, 27, 28, ";"212, "
3563;240;"27, ";"261, 232, "
3564;240;"30, ";"720, 2707, "
3565;240;"31, ";"2762, 699, "
3566;240;"32, ";"305, 330, "
3567;240;"33, ";"332, 34, "
3568;240;"34, ";"29, 30, "
3569;240;"35, ";"32, 12, "
3570;240;"36, ";"43, 68, "
3571;240;"37, ";"70, 44, "
3572;240;"38, ";"134, 167, "
3573;240;"39, ";"170, 135, "
3574;240;"40, ";"185, 217, "
3575;240;"41, ";"220, 186, "
3576;240;"42, ";"238, 266, "
3577;240;"43, ";"269, 239, "
3578;240;"43, 44, ";"604, "
3579;240;"1, 16, ";"324, "
3580;240;"1, 32, ";"330, "
3581;299;"13, 1, 2, ";"292, 318, "
3582;240;"13, 30, ";"2707, "
3583;269;"29, 1, 2, ";"643, 318, "
